<?xml version="1.0" encoding="UTF-8"?>
<project-private xmlns="http://www.netbeans.org/ns/project-private/1">
    <editor-bookmarks xmlns="http://www.netbeans.org/ns/editor-bookmarks/2" lastBookmarkId="0"/>
    <open-files xmlns="http://www.netbeans.org/ns/projectui-open-files/2">
        <group>
            <file>file:/C:/Users/saraa/OneDrive%20-%20King%20Abdullaziz%20University/KAU/CPCS324/project/FFinal_Algorithm2_project/Final_Algorithm2_project%20(2)/Final_Algorithm2_project/src/graphFramework/Edge.java</file>
            <file>file:/C:/Users/saraa/OneDrive%20-%20King%20Abdullaziz%20University/KAU/CPCS324/project/FFinal_Algorithm2_project/Final_Algorithm2_project%20(2)/Final_Algorithm2_project/src/graphFramework/Graph.java</file>
            <file>file:/C:/Users/saraa/OneDrive%20-%20King%20Abdullaziz%20University/KAU/CPCS324/project/FFinal_Algorithm2_project/Final_Algorithm2_project%20(2)/Final_Algorithm2_project/src/RoadDesignApp/Road.java</file>
            <file>file:/C:/Users/saraa/OneDrive%20-%20King%20Abdullaziz%20University/KAU/CPCS324/project/FFinal_Algorithm2_project/Final_Algorithm2_project%20(2)/Final_Algorithm2_project/src/RoadDesignApp/RoadDesignApp.java</file>
            <file>file:/C:/Users/saraa/OneDrive%20-%20King%20Abdullaziz%20University/KAU/CPCS324/project/FFinal_Algorithm2_project/Final_Algorithm2_project%20(2)/Final_Algorithm2_project/src/graphFramework/KruskalAlg.java</file>
            <file>file:/C:/Users/saraa/OneDrive%20-%20King%20Abdullaziz%20University/KAU/CPCS324/project/FFinal_Algorithm2_project/Final_Algorithm2_project%20(2)/Final_Algorithm2_project/src/graphFramework/Vertex.java</file>
            <file>file:/C:/Users/saraa/OneDrive%20-%20King%20Abdullaziz%20University/KAU/CPCS324/project/FFinal_Algorithm2_project/Final_Algorithm2_project%20(2)/Final_Algorithm2_project/src/graphFramework/PQPrimAlg.java</file>
        </group>
    </open-files>
</project-private>
